Token_Number,Product_Code,Product_name,Date,Mac_id,User_Id,User_name,Item_Tube,Item_Tyre
2d94ca66-760e-400a-b9d5-c1fcd97e559c,,JK TYRES,4/30/2019 6:14:00 AM,00155DDC8301,KAN8927,Akshay CK,System.Collections.Generic.HashSet`1[EasyBilling.Models.Item_Tube],System.Collections.Generic.HashSet`1[EasyBilling.Models.Item_Tyre]
3623a805-da10-4361-bc37-276c068986fe,,TVS TUBES,4/16/2019 5:11:00 AM,00155DDC8301,KAN8927,Akshay CK,System.Collections.Generic.HashSet`1[EasyBilling.Models.Item_Tube],System.Collections.Generic.HashSet`1[EasyBilling.Models.Item_Tyre]
4bb8e875-2235-4f03-9118-3b844de5a838,,TVS TYRES,4/16/2019 5:13:00 AM,00155DDC8301,KAN8927,Akshay CK,System.Collections.Generic.HashSet`1[EasyBilling.Models.Item_Tube],System.Collections.Generic.HashSet`1[EasyBilling.Models.Item_Tyre]
4ce2779c-c99e-4dc6-8666-af164ab70a49,,APOLLO TUBES,4/16/2019 5:23:00 AM,00155DDC8301,KAN8927,Akshay CK,System.Collections.Generic.HashSet`1[EasyBilling.Models.Item_Tube],System.Collections.Generic.HashSet`1[EasyBilling.Models.Item_Tyre]
51b15fae-4676-4e4c-a16b-d8c2a306a549,,BRAZA,4/16/2019 5:22:00 AM,00155DDC8301,KAN8927,Akshay CK,System.Collections.Generic.HashSet`1[EasyBilling.Models.Item_Tube],System.Collections.Generic.HashSet`1[EasyBilling.Models.Item_Tyre]
6706f60b-ad26-473d-914a-c8585eb5c200,,GOOD YEAR,5/3/2019 7:21:00 AM,00155DDC8301,KAN8927,Akshay CK,System.Collections.Generic.HashSet`1[EasyBilling.Models.Item_Tube],System.Collections.Generic.HashSet`1[EasyBilling.Models.Item_Tyre]
714d49fa-ac39-4867-b293-ba90e534d59a,,MAX RIDE,4/16/2019 9:26:00 AM,00155DDC8301,KAN8927,Akshay CK,System.Collections.Generic.HashSet`1[EasyBilling.Models.Item_Tube],System.Collections.Generic.HashSet`1[EasyBilling.Models.Item_Tyre]
7967c2d3-be16-441d-b321-15986a87cf01,,CEAT,4/16/2019 5:13:00 AM,00155DDC8301,KAN8927,Akshay CK,System.Collections.Generic.HashSet`1[EasyBilling.Models.Item_Tube],System.Collections.Generic.HashSet`1[EasyBilling.Models.Item_Tyre]
92c09ef3-1e37-4ae4-819d-730caaaacd40,,MRF,4/16/2019 6:13:00 AM,00155DDC8301,KAN8927,Akshay CK,System.Collections.Generic.HashSet`1[EasyBilling.Models.Item_Tube],System.Collections.Generic.HashSet`1[EasyBilling.Models.Item_Tyre]
af3d0d4c-c216-41f4-9a80-d3de1de2a698,,GOLD TUGUARD FLAP,4/16/2019 5:23:00 AM,00155DDC8301,KAN8927,Akshay CK,System.Collections.Generic.HashSet`1[EasyBilling.Models.Item_Tube],System.Collections.Generic.HashSet`1[EasyBilling.Models.Item_Tyre]
bb0cdf25-529c-4b94-91f3-65d55aaa7185,,YOKOHAMA,4/16/2019 5:15:00 AM,00155DDC8301,KAN8927,Akshay CK,System.Collections.Generic.HashSet`1[EasyBilling.Models.Item_Tube],System.Collections.Generic.HashSet`1[EasyBilling.Models.Item_Tyre]
c929df86-dc4d-4f8e-a072-6a193b813f00,,SUPER TUFF,4/16/2019 5:22:00 AM,00155DDC8301,KAN8927,Akshay CK,System.Collections.Generic.HashSet`1[EasyBilling.Models.Item_Tube],System.Collections.Generic.HashSet`1[EasyBilling.Models.Item_Tyre]
d0132396-b5ff-4c74-abe3-0c0ccd292ffa,,DOLPHIN,4/16/2019 7:17:00 AM,00155DDC8301,KAN8927,Akshay CK,System.Collections.Generic.HashSet`1[EasyBilling.Models.Item_Tube],System.Collections.Generic.HashSet`1[EasyBilling.Models.Item_Tyre]
e098caf4-28b3-4f17-8559-6642043a0dee,,DRF,4/16/2019 5:22:00 AM,00155DDC8301,KAN8927,Akshay CK,System.Collections.Generic.HashSet`1[EasyBilling.Models.Item_Tube],System.Collections.Generic.HashSet`1[EasyBilling.Models.Item_Tyre]
e83e9117-2a66-4e33-a5b9-879f52523ef3,,AVIS,4/16/2019 5:22:00 AM,00155DDC8301,KAN8927,Akshay CK,System.Collections.Generic.HashSet`1[EasyBilling.Models.Item_Tube],System.Collections.Generic.HashSet`1[EasyBilling.Models.Item_Tyre]
f5e779de-4f44-4317-9376-7239b04493d5,,BRIDGESTONE,4/16/2019 5:14:00 AM,00155DDC8301,KAN8927,Akshay CK,System.Collections.Generic.HashSet`1[EasyBilling.Models.Item_Tube],System.Collections.Generic.HashSet`1[EasyBilling.Models.Item_Tyre]
f93dd5f9-ddf8-41de-a04b-15171f485550,,MICHELIN,4/16/2019 5:14:00 AM,00155DDC8301,KAN8927,Akshay CK,System.Collections.Generic.HashSet`1[EasyBilling.Models.Item_Tube],System.Collections.Generic.HashSet`1[EasyBilling.Models.Item_Tyre]
fd77c4bb-d4f3-4dc5-8f1d-b11684b2df14,,MAXXIS,4/16/2019 5:10:00 AM,00155DDC8301,KAN8927,Akshay CK,System.Collections.Generic.HashSet`1[EasyBilling.Models.Item_Tube],System.Collections.Generic.HashSet`1[EasyBilling.Models.Item_Tyre]
fe78e0d2-4306-4f82-a431-22276dbc41f6,,APOLLO,4/16/2019 5:10:00 AM,00155DDC8301,KAN8927,Akshay CK,System.Collections.Generic.HashSet`1[EasyBilling.Models.Item_Tube],System.Collections.Generic.HashSet`1[EasyBilling.Models.Item_Tyre]
