Token_number,Product_name,Product_type,Description,Date,Mac_id,Product_id,User_Id,User_name
017b5eae-33e8-453b-9063-6fe96eb3560c,OMNI STICKER,Product,,5/3/2019 5:58:29 AM,00155DDC8301,PO-9612,KAN8927,Akshay CK
0d7d19d1-8822-4a9c-b6b2-b073069fb54b,SOLUTION GUM,Product,,5/3/2019 5:57:54 AM,00155DDC8301,PO-7546,KAN8927,Akshay CK
18895d28-eb69-4907-832f-95fa50e48b1f,SOLUTION,Raw Material,,5/3/2019 4:31:58 AM,00155DDC8301,PO-3157,KAN8927,Akshay CK
2589846b-8a51-4dd8-88a7-2c54b5dc8371,PATCH-1,Product,,5/3/2019 5:55:40 AM,00155DDC8301,PO-2817,KAN8927,Akshay CK
40c3310f-f0e1-48b1-9553-646a58a0f61f,BIKE NECK,Product,,4/24/2019 4:24:54 AM,00155DDC8301,PO-4931,KAN8927,Akshay CK
68362bd7-0994-469c-96be-c0288eb66902,TYRE PATCH MACHINE ,Services,,4/24/2019 4:32:09 AM,00155DDC8301,PO-6650,KAN8927,Akshay CK
7fb78730-0041-4b1d-aaea-265e6ac57842,TRACTOR NECK,Product,,4/24/2019 4:24:09 AM,00155DDC8301,PO-5317,KAN8927,Akshay CK
80ee6499-1699-4a65-bcaa-243dd80677c9,TUBE LESS ROAP,Product,,5/3/2019 4:21:31 AM,00155DDC8301,PO-4343,KAN8927,Akshay CK
903a992e-c660-42da-bf67-ec811e699913,BUS NECK,Product,,5/3/2019 5:57:09 AM,00155DDC8301,PO-7758,KAN8927,Akshay CK
9b856e5f-b415-498e-8039-444b75e9de5a,WHEEL BALANCING,Services,,4/24/2019 4:28:32 AM,00155DDC8301,PO-339,KAN8927,Akshay CK
aa927026-7aff-4de0-9e3f-55c02d23a168,BOUNDING GUM,Raw Material,,5/3/2019 4:32:25 AM,00155DDC8301,PO-4404,KAN8927,Akshay CK
af67c85f-26d0-45be-bc5a-ed3ebb627051,TYRE SETTING ,Services,,4/24/2019 4:27:23 AM,00155DDC8301,PO-5094,KAN8927,Akshay CK
b7ca4944-48a7-4d2a-aabc-d7a89b671d7e,RIM STRAIGHTENER,Services,,4/24/2019 4:28:13 AM,00155DDC8301,PO-9669,KAN8927,Akshay CK
e3fea211-e092-4f0d-9cb1-1c13c41cae58,NITROGEN,Services,,4/24/2019 4:26:35 AM,00155DDC8301,PO-3975,KAN8927,Akshay CK
f75a4be2-368d-4bd0-a370-475267005c41,JCB NECK,Product,,5/3/2019 5:59:18 AM,00155DDC8301,PO-875,KAN8927,Akshay CK
f98e462d-1078-4f0a-bbb4-d3c23a075196,VAN NECK,Product,,4/24/2019 4:23:42 AM,00155DDC8301,PO-308,KAN8927,Akshay CK
fb2a5ca8-b3d3-45d5-957b-1677a9706609,TUBE PATCH MACHINE ,Services,,4/24/2019 4:31:51 AM,00155DDC8301,PO-5252,KAN8927,Akshay CK
