Token_number,Dealer_code,Name,Email,Address,Phone_number,State,State_Name,Isactive,Marchent_Token_number,Date,Mac_id,Office_number,GST_number,Pan_number,User_Id,User_name,State1,Products_For_Sale
3296bca8-9969-4741-a877-6654f9dc49a6,,SONA MOTORS,sonatvs@gmail.com,JLB ROAD LAKSHMIPURAM MYSORE-570004,2424242424,,,True,,4/7/2019 8:05:00 AM,00155DDC8301,8274247525,29AAQFS8663R1ZQ,,,,,System.Collections.Generic.HashSet`1[EasyBilling.Models.Products_For_Sale]
50884645-b201-4bef-9048-a02d96bcba36,,Etree,admin@admin.com,Check this,9090909090,,,True,,9/7/2019 12:57:00 PM,000C2904148E,9999999999,ACT12341234,J1234K,kannantyres@kannantyres.com,,,System.Collections.Generic.HashSet`1[EasyBilling.Models.Products_For_Sale]
5982a993-2073-466b-8466-aedcf087f4e2,,BacklogEntry20102019,akshay@gmail.com,Kannantyres,9448448730,,,True,,10/20/2019 5:37:00 AM,00155DDC8301,,,,KAN8927,Akshay CK,,System.Collections.Generic.HashSet`1[EasyBilling.Models.Products_For_Sale]
5ad8a35b-ee3e-4ced-b28d-89325e688b15,,SONA MOTORS,sonatvs@gmail.com,JLB ROAD LAKSHMIPURAM MYSORE-570004,2424242424,,,True,,4/7/2019 8:05:00 AM,00155DDC8301,8274247525,29AAQFS8663R1ZQ,,,,,System.Collections.Generic.HashSet`1[EasyBilling.Models.Products_For_Sale]
7d570b4f-d0b5-4ba8-8a1b-f46fed7097bb,,APOLLO TYRES LTD,apollo@apollotyres.com,C124, INDUSTRIAL ESTATE, YADAVAGIRI MYSORE,570020,9986716744,,,True,,4/29/2019 6:37:00 AM,00155DDC8301,8212512056,29AAACA6990QIZU,AAACA6990Q,KAN8927,Akshay CK,,System.Collections.Generic.HashSet`1[EasyBilling.Models.Products_For_Sale]
c98974d7-d65e-42c2-88e0-440291f7af0a,,HINDUSTAN AGENCIES,danthihindusthan@yahoo.co.in,#154 RAMAVILAS ROAD K.R MOHALLA MYSORE,1234567891,,,True,,6/26/2019 7:58:00 AM,00155DDC8301,247-2472222,29AEIPK0164P1Z1,,,,,System.Collections.Generic.HashSet`1[EasyBilling.Models.Products_For_Sale]
f8f7144f-4ef9-4173-8da7-df5ac1b58132,,PULIYORATH AUTOMOBILES,puliyorathmdy@gmail.com,PULIYORATH AUTOMOBILES CALICUT ROAD, MANANTHAVADY, WAYANAD,8111952194,,,True,,5/3/2019 4:38:00 AM,00155DDC8301,,32ALTPM8244N1ZD,,KAN8927,Akshay CK,,System.Collections.Generic.HashSet`1[EasyBilling.Models.Products_For_Sale]
