Token_number,Vehicle_type,Vehicle_make,Date,Mac_id,User_Id,User_name,Item_Tyre
06a15907-3e6c-4ac8-a70b-78788097be1f,4 wheeler,PICK UP,4/30/2019 5:30:00 AM,00155DDC8301,KAN8927,Akshay CK,System.Collections.Generic.HashSet`1[EasyBilling.Models.Item_Tyre]
0b7c506d-4be8-49d5-8dd2-df988734779c,4 wheeler,VENTO,4/22/2019 10:33:00 AM,00155DDC8301,KAN8927,Akshay CK,System.Collections.Generic.HashSet`1[EasyBilling.Models.Item_Tyre]
0c7c397c-0fae-48d1-ace9-b97be75e244c,4 wheeler,SUZUKI VAN,6/26/2019 7:41:00 AM,00155DDC8301,KAN8927,Akshay CK,System.Collections.Generic.HashSet`1[EasyBilling.Models.Item_Tyre]
0ce56976-34a3-415c-b5ef-ee14c43ae0a2,4 wheeler,AUDI,4/23/2019 9:16:00 AM,00155DDC8301,KAN8927,Akshay CK,System.Collections.Generic.HashSet`1[EasyBilling.Models.Item_Tyre]
0dbd2a01-76cf-4944-a7ad-9a9c1a4f115d,2 wheeler,PULSAR,5/3/2019 7:17:00 AM,00155DDC8301,KAN8927,Akshay CK,System.Collections.Generic.HashSet`1[EasyBilling.Models.Item_Tyre]
1149ca36-e3df-4e18-acd5-389cf4e6310c,4 wheeler,TRACTOR,5/9/2019 7:41:00 AM,00155DDC8301,KAN8927,Akshay CK,System.Collections.Generic.HashSet`1[EasyBilling.Models.Item_Tyre]
12c99c11-1e80-4dc8-93e2-9882f68887ec,4 wheeler,REVA,4/22/2019 10:20:00 AM,00155DDC8301,KAN8927,Akshay CK,System.Collections.Generic.HashSet`1[EasyBilling.Models.Item_Tyre]
1825d7f7-737d-46c3-bef6-f7ca95126f3c,4 wheeler,TATA NEXON,4/23/2019 9:48:00 AM,00155DDC8301,KAN8927,Akshay CK,System.Collections.Generic.HashSet`1[EasyBilling.Models.Item_Tyre]
1e2c7783-d7bf-4d5e-abd0-a6be1764b8c5,4 wheeler,UNO,4/22/2019 10:23:00 AM,00155DDC8301,KAN8927,Akshay CK,System.Collections.Generic.HashSet`1[EasyBilling.Models.Item_Tyre]
1f362496-24a8-40d3-b21f-283bad8cbe17,4 wheeler,ALTO 800,4/22/2019 9:26:00 AM,00155DDC8301,KAN8927,Akshay CK,System.Collections.Generic.HashSet`1[EasyBilling.Models.Item_Tyre]
241f7d2e-792b-4dcd-a6aa-98d20d167c8c,6 wheeler,BUS,4/30/2019 5:29:00 AM,00155DDC8301,KAN8927,Akshay CK,System.Collections.Generic.HashSet`1[EasyBilling.Models.Item_Tyre]
24d91997-0185-42ab-9ccd-7e2e0e5da6fc,4 wheeler,VAN,4/30/2019 5:29:00 AM,00155DDC8301,KAN8927,Akshay CK,System.Collections.Generic.HashSet`1[EasyBilling.Models.Item_Tyre]
2885893f-77c8-4666-88be-188b12209581,4 wheeler,HARRIER,4/23/2019 9:36:00 AM,00155DDC8301,KAN8927,Akshay CK,System.Collections.Generic.HashSet`1[EasyBilling.Models.Item_Tyre]
28ca63e2-2210-4c03-bf7b-91a430a8ddee,4 wheeler,INDIGO,4/27/2019 7:01:00 AM,00155DDC8301,KAN8927,Akshay CK,System.Collections.Generic.HashSet`1[EasyBilling.Models.Item_Tyre]
2b2ceb50-aa07-4029-a012-dc1d7aaf1b78,2 wheeler,HERO PASSION PRO,5/3/2019 7:17:00 AM,00155DDC8301,KAN8927,Akshay CK,System.Collections.Generic.HashSet`1[EasyBilling.Models.Item_Tyre]
2bddbb08-01cb-46f0-b28c-bb612de57d94,4 wheeler,TRACTOR BACK WHEEL,5/3/2019 11:29:00 AM,00155DDC8301,KAN8927,Akshay CK,System.Collections.Generic.HashSet`1[EasyBilling.Models.Item_Tyre]
2c48cfe3-29bd-4a52-8bb5-7bf57d563beb,4 wheeler,XYLO,4/23/2019 9:54:00 AM,00155DDC8301,KAN8927,Akshay CK,System.Collections.Generic.HashSet`1[EasyBilling.Models.Item_Tyre]
3086e4c3-ec11-4002-9567-f2f1b42eb533,4 wheeler,NANO,4/23/2019 4:20:00 AM,00155DDC8301,KAN8927,Akshay CK,System.Collections.Generic.HashSet`1[EasyBilling.Models.Item_Tyre]
30d5a69f-bb76-4f8f-9d0e-16a1e2986c24,6 wheeler,EICHER,5/3/2019 11:38:00 AM,00155DDC8301,KAN8927,Akshay CK,System.Collections.Generic.HashSet`1[EasyBilling.Models.Item_Tyre]
374ee625-161b-44b8-b39a-12d812c27c87,2 wheeler,DIO,5/3/2019 11:17:00 AM,00155DDC8301,KAN8927,Akshay CK,System.Collections.Generic.HashSet`1[EasyBilling.Models.Item_Tyre]
3a2f4fe0-abd0-4769-923b-97508a5fd7fc,4 wheeler,CIAZ,4/23/2019 9:15:00 AM,00155DDC8301,KAN8927,Akshay CK,System.Collections.Generic.HashSet`1[EasyBilling.Models.Item_Tyre]
3baf7554-1884-4343-bfa4-54dfb0ca9792,4 wheeler,HONDA AMAZE,4/22/2019 10:58:00 AM,00155DDC8301,KAN8927,Akshay CK,System.Collections.Generic.HashSet`1[EasyBilling.Models.Item_Tyre]
3cc8f127-3353-4188-999d-e8e7589ce98d,4 wheeler,SANTRO,4/22/2019 10:24:00 AM,00155DDC8301,KAN8927,Akshay CK,System.Collections.Generic.HashSet`1[EasyBilling.Models.Item_Tyre]
3efd2b5c-7417-4dac-9396-fab480c82bbb,4 wheeler,SUMO GRAND,4/23/2019 9:19:00 AM,00155DDC8301,KAN8927,Akshay CK,System.Collections.Generic.HashSet`1[EasyBilling.Models.Item_Tyre]
43f1c21e-4c54-4dd7-89b0-27a55616b127,4 wheeler,INNOVA CRYSTA,4/22/2019 10:51:00 AM,00155DDC8301,KAN8927,Akshay CK,System.Collections.Generic.HashSet`1[EasyBilling.Models.Item_Tyre]
4665e23b-b18d-45ff-a88d-6a4c764909fa,2 wheeler,TRAILOR,5/3/2019 11:25:00 AM,00155DDC8301,KAN8927,Akshay CK,System.Collections.Generic.HashSet`1[EasyBilling.Models.Item_Tyre]
467dca09-0dec-43aa-87ee-29afc13e4e84,3 wheeler,APE AUTO,5/3/2019 11:12:00 AM,00155DDC8301,KAN8927,Akshay CK,System.Collections.Generic.HashSet`1[EasyBilling.Models.Item_Tyre]
4841a05d-2446-4bec-9d4e-88197cc81efa,4 wheeler,TATA BOLT,4/23/2019 9:47:00 AM,00155DDC8301,KAN8927,Akshay CK,System.Collections.Generic.HashSet`1[EasyBilling.Models.Item_Tyre]
4a014ff1-1c8f-4c88-a3e7-119fc1a024bd,4 wheeler,XUV 300,4/22/2019 10:52:00 AM,00155DDC8301,KAN8927,Akshay CK,System.Collections.Generic.HashSet`1[EasyBilling.Models.Item_Tyre]
4bf2e928-3c85-4230-9e54-324962c552d1,4 wheeler,CELERIO,4/22/2019 10:57:00 AM,00155DDC8301,KAN8927,Akshay CK,System.Collections.Generic.HashSet`1[EasyBilling.Models.Item_Tyre]
4c34bdb5-3cfd-41f0-b469-56b9a62f475e,4 wheeler,S CROSS,4/23/2019 9:45:00 AM,00155DDC8301,KAN8927,Akshay CK,System.Collections.Generic.HashSet`1[EasyBilling.Models.Item_Tyre]
4f5d5a1c-c9ea-4d65-ad28-3d9dd0f040fe,4 wheeler,ZEN ESTILO,4/22/2019 10:20:00 AM,00155DDC8301,KAN8927,Akshay CK,System.Collections.Generic.HashSet`1[EasyBilling.Models.Item_Tyre]
4fc6765e-49ad-4cc9-97bb-ea960976dc06,4 wheeler,TUV 300,4/23/2019 9:35:00 AM,00155DDC8301,KAN8927,Akshay CK,System.Collections.Generic.HashSet`1[EasyBilling.Models.Item_Tyre]
53f52f70-97fb-406f-82b2-d66ea1f23a74,4 wheeler,TATA TIAGO,4/23/2019 9:47:00 AM,00155DDC8301,KAN8927,Akshay CK,System.Collections.Generic.HashSet`1[EasyBilling.Models.Item_Tyre]
5bca12a7-da44-49b3-ad78-f98a5ec33c19,4 wheeler,DATSUN REDIGO,4/23/2019 9:50:00 AM,00155DDC8301,KAN8927,Akshay CK,System.Collections.Generic.HashSet`1[EasyBilling.Models.Item_Tyre]
61098795-8ed2-416a-972a-8e0ed5102e64,4 wheeler,i10,4/22/2019 10:24:00 AM,00155DDC8301,KAN8927,Akshay CK,System.Collections.Generic.HashSet`1[EasyBilling.Models.Item_Tyre]
61e16395-8ead-4b92-9030-4e984d6b102f,4 wheeler,JEEP,4/29/2019 5:19:00 AM,00155DDC8301,KAN8927,Akshay CK,System.Collections.Generic.HashSet`1[EasyBilling.Models.Item_Tyre]
69308662-116a-477a-8517-78dedca8aa39,4 wheeler,DISCOVERY,4/23/2019 9:31:00 AM,00155DDC8301,KAN8927,Akshay CK,System.Collections.Generic.HashSet`1[EasyBilling.Models.Item_Tyre]
6a827608-a2ae-457e-94d5-07e5d0d497c8,4 wheeler,ASHOKA LEYLAND GOODS,4/30/2019 5:30:00 AM,00155DDC8301,KAN8927,Akshay CK,System.Collections.Generic.HashSet`1[EasyBilling.Models.Item_Tyre]
6b3c9d8d-e5c4-4534-bb2c-56f58293805c,4 wheeler,ALTO K10,4/22/2019 10:22:00 AM,00155DDC8301,KAN8927,Akshay CK,System.Collections.Generic.HashSet`1[EasyBilling.Models.Item_Tyre]
6efe2d7f-5a38-4d57-bf04-4286b19c436e,4 wheeler,BOLERO JEEP,5/3/2019 10:34:00 AM,00155DDC8301,KAN8927,Akshay CK,System.Collections.Generic.HashSet`1[EasyBilling.Models.Item_Tyre]
721d6395-1593-432d-8557-8ed71cfac454,4 wheeler,RANGE ROVER,4/23/2019 9:30:00 AM,00155DDC8301,KAN8927,Akshay CK,System.Collections.Generic.HashSet`1[EasyBilling.Models.Item_Tyre]
74339da3-10bc-449d-9217-11c5e87dc121,2 wheeler,BIKE DUKE,6/24/2019 7:06:00 AM,00155DDC8301,KAN8927,Akshay CK,System.Collections.Generic.HashSet`1[EasyBilling.Models.Item_Tyre]
78547f88-c023-4007-9f6a-932b700ef2a9,4 wheeler,ACCENT,4/22/2019 10:26:00 AM,00155DDC8301,KAN8927,Akshay CK,System.Collections.Generic.HashSet`1[EasyBilling.Models.Item_Tyre]
79fa9d4d-8681-43ec-851e-25d418cf6f11,2 wheeler,SPLENDER PLUS,5/8/2019 6:17:00 AM,00155DDC8301,KAN8927,Akshay CK,System.Collections.Generic.HashSet`1[EasyBilling.Models.Item_Tyre]
7a4f6cd5-bc08-4e41-922a-d8af6b5f99ee,4 wheeler,SCORPIO,4/22/2019 10:56:00 AM,00155DDC8301,KAN8927,Akshay CK,System.Collections.Generic.HashSet`1[EasyBilling.Models.Item_Tyre]
7d4be993-020d-4b03-8751-360bdde758c7,4 wheeler,INNOVA,4/22/2019 10:50:00 AM,00155DDC8301,KAN8927,Akshay CK,System.Collections.Generic.HashSet`1[EasyBilling.Models.Item_Tyre]
7f1cc13e-8f1f-47c7-ba65-7b66616f74b6,4 wheeler,WAGONR,4/22/2019 10:19:00 AM,00155DDC8301,KAN8927,Akshay CK,System.Collections.Generic.HashSet`1[EasyBilling.Models.Item_Tyre]
80f54b19-7589-4e13-b5ab-3f0b0e5e29c2,2 wheeler,APACHE RTR,5/3/2019 7:18:00 AM,00155DDC8301,KAN8927,Akshay CK,System.Collections.Generic.HashSet`1[EasyBilling.Models.Item_Tyre]
8356840f-21b9-4285-9cfb-45fe9516ae03,4 wheeler,MINI VAN,5/7/2019 7:31:00 AM,00155DDC8301,KAN8927,Akshay CK,System.Collections.Generic.HashSet`1[EasyBilling.Models.Item_Tyre]
853ce138-f8eb-4029-999d-8f667edffa81,4 wheeler,FOUR FIGO,4/23/2019 9:17:00 AM,00155DDC8301,KAN8927,Akshay CK,System.Collections.Generic.HashSet`1[EasyBilling.Models.Item_Tyre]
88393a3e-3413-4875-9002-79eda2da16eb,4 wheeler,SKODA,4/23/2019 9:16:00 AM,00155DDC8301,KAN8927,Akshay CK,System.Collections.Generic.HashSet`1[EasyBilling.Models.Item_Tyre]
8aa9c6ea-e9a3-47f1-b3d4-62b72d7b9796,4 wheeler,IGNIS,4/23/2019 9:44:00 AM,00155DDC8301,KAN8927,Akshay CK,System.Collections.Generic.HashSet`1[EasyBilling.Models.Item_Tyre]
8c70c8d2-9ab1-45a4-a04e-6f52b7440207,2 wheeler,BIKE DISCOVER,6/24/2019 7:11:00 AM,00155DDC8301,KAN8927,Akshay CK,System.Collections.Generic.HashSet`1[EasyBilling.Models.Item_Tyre]
8d2bb738-4765-4607-a108-0a663192dc90,2 wheeler,MAHINDRA PANTERO,5/3/2019 7:16:00 AM,00155DDC8301,KAN8927,Akshay CK,System.Collections.Generic.HashSet`1[EasyBilling.Models.Item_Tyre]
942f838e-5a5b-49d1-894a-7274c19f521e,4 wheeler,SUMO,4/23/2019 9:19:00 AM,00155DDC8301,KAN8927,Akshay CK,System.Collections.Generic.HashSet`1[EasyBilling.Models.Item_Tyre]
96393f92-429d-448e-8e49-a726c90d417a,4 wheeler,ERTIGA,4/23/2019 9:18:00 AM,00155DDC8301,KAN8927,Akshay CK,System.Collections.Generic.HashSet`1[EasyBilling.Models.Item_Tyre]
9657bfee-04c0-4375-9a7c-9f56e61ee8e1,4 wheeler,BMW,4/7/2019 7:34:00 AM,00155DDC8301,KAN8927,Akshay CK,System.Collections.Generic.HashSet`1[EasyBilling.Models.Item_Tyre]
96bc19c6-c303-4ecd-9505-c62f541cc287,4 wheeler,CEDIA,4/23/2019 9:19:00 AM,00155DDC8301,KAN8927,Akshay CK,System.Collections.Generic.HashSet`1[EasyBilling.Models.Item_Tyre]
a03d9a1c-b147-48aa-9ca2-8188aa750b71,4 wheeler,HONDA CITY,4/23/2019 9:46:00 AM,00155DDC8301,KAN8927,Akshay CK,System.Collections.Generic.HashSet`1[EasyBilling.Models.Item_Tyre]
a2388b10-dd84-460a-a2c3-405e701db0c1,2 wheeler,BIKE BULLET,5/3/2019 11:20:00 AM,00155DDC8301,KAN8927,Akshay CK,System.Collections.Generic.HashSet`1[EasyBilling.Models.Item_Tyre]
a24b3a20-9d95-4912-a7e7-81027efe4c15,4 wheeler,COMPASS JEEP,4/23/2019 9:34:00 AM,00155DDC8301,KAN8927,Akshay CK,System.Collections.Generic.HashSet`1[EasyBilling.Models.Item_Tyre]
a2f04d66-9ed2-4144-a8ac-05dfa2fc3202,4 wheeler,AMBASSADOR,4/22/2019 10:33:00 AM,00155DDC8301,KAN8927,Akshay CK,System.Collections.Generic.HashSet`1[EasyBilling.Models.Item_Tyre]
a7384393-213a-462a-b1f7-d67af0c2c588,4 wheeler,FORD ECO SPORT,4/23/2019 9:32:00 AM,00155DDC8301,KAN8927,Akshay CK,System.Collections.Generic.HashSet`1[EasyBilling.Models.Item_Tyre]
ab0937a3-9894-46d4-8347-a747bba01b02,2 wheeler,APACHE,4/7/2019 7:59:00 AM,00155DDC8301,KAN8927,Akshay CK,System.Collections.Generic.HashSet`1[EasyBilling.Models.Item_Tyre]
ae8535c1-2dc5-4efe-8b0c-58db1b827ce9,2 wheeler,HIMILAYA BIKE ,12/2/2019 1:34:15 PM,00155DDC8301,KAN8927,Akshay CK,System.Collections.Generic.HashSet`1[EasyBilling.Models.Item_Tyre]
b0d40005-9c95-448e-8686-7242d44b24e7,4 wheeler,BENZ,6/26/2019 7:02:00 AM,00155DDC8301,KAN8927,Akshay CK,System.Collections.Generic.HashSet`1[EasyBilling.Models.Item_Tyre]
b4e480cb-df92-44a2-a5f5-b6242c9f73be,4 wheeler,BALENO,4/22/2019 11:13:00 AM,00155DDC8301,,,System.Collections.Generic.HashSet`1[EasyBilling.Models.Item_Tyre]
bca4ee1d-20bd-4234-bf68-393e1e286459,4 wheeler,SX4,4/23/2019 9:44:00 AM,00155DDC8301,KAN8927,Akshay CK,System.Collections.Generic.HashSet`1[EasyBilling.Models.Item_Tyre]
bcce3517-530e-4a30-9118-d3ffe4542a3e,2 wheeler,SCOOTY,5/8/2019 6:16:00 AM,00155DDC8301,KAN8927,Akshay CK,System.Collections.Generic.HashSet`1[EasyBilling.Models.Item_Tyre]
bcd01380-2507-4539-a632-faa01ac44c95,4 wheeler,DUSTER,4/22/2019 11:12:00 AM,00155DDC8301,,,System.Collections.Generic.HashSet`1[EasyBilling.Models.Item_Tyre]
bf8f460f-52dd-4587-9c6e-bb7d02beda64,4 wheeler,OMNI,4/17/2019 7:22:00 AM,00155DDC8301,KAN8927,Akshay CK,System.Collections.Generic.HashSet`1[EasyBilling.Models.Item_Tyre]
c5c5dab2-0222-4db7-9481-49a1aefe4127,4 wheeler,XUV 500,4/23/2019 9:14:00 AM,00155DDC8301,KAN8927,Akshay CK,System.Collections.Generic.HashSet`1[EasyBilling.Models.Item_Tyre]
cb49b3c0-9031-4cda-95be-d2fa69156e53,6 wheeler,LORRY,5/8/2019 6:19:00 AM,00155DDC8301,KAN8927,Akshay CK,System.Collections.Generic.HashSet`1[EasyBilling.Models.Item_Tyre]
cc47c382-5ffe-4565-89df-fa96d4bf6d24,4 wheeler,FORD ASPIRE,4/23/2019 9:50:00 AM,00155DDC8301,KAN8927,Akshay CK,System.Collections.Generic.HashSet`1[EasyBilling.Models.Item_Tyre]
cd88ac82-7e02-41a5-b951-f5f92853b922,4 wheeler,POLO GT,4/22/2019 11:08:00 AM,00155DDC8301,,,System.Collections.Generic.HashSet`1[EasyBilling.Models.Item_Tyre]
cfb1b65c-2be6-4ba6-8892-456b3e97b19c,4 wheeler,i20,4/22/2019 10:24:00 AM,00155DDC8301,KAN8927,Akshay CK,System.Collections.Generic.HashSet`1[EasyBilling.Models.Item_Tyre]
d1cc0ebf-8999-4104-94b1-92398b56b15e,4 wheeler,HYUNDAI CRETA,4/23/2019 9:32:00 AM,00155DDC8301,KAN8927,Akshay CK,System.Collections.Generic.HashSet`1[EasyBilling.Models.Item_Tyre]
d46d4f7b-e2d3-4844-b37e-730480e46b0d,2 wheeler,ETree,9/7/2019 12:57:00 PM,000C2904148E,kannantyres@kannantyres.com,,System.Collections.Generic.HashSet`1[EasyBilling.Models.Item_Tyre]
d68cbbcb-123b-4ffc-9abd-3e59f8872e2b,3 wheeler,AUTO,5/3/2019 7:06:00 AM,00155DDC8301,KAN8927,Akshay CK,System.Collections.Generic.HashSet`1[EasyBilling.Models.Item_Tyre]
d6dd52e5-0388-450d-83ea-fb28592080e5,4 wheeler,FERRARI,4/23/2019 9:23:00 AM,00155DDC8301,KAN8927,Akshay CK,System.Collections.Generic.HashSet`1[EasyBilling.Models.Item_Tyre]
da2e908f-97ce-4bf0-a956-14c6f6f9ab66,6 wheeler,MAZDA LORRY,5/3/2019 11:03:00 AM,00155DDC8301,KAN8927,Akshay CK,System.Collections.Generic.HashSet`1[EasyBilling.Models.Item_Tyre]
dbb469ec-5520-49a5-8bd5-4b326695e181,4 wheeler,MARUTI SUZUKI STINGRAY,4/23/2019 9:52:00 AM,00155DDC8301,KAN8927,Akshay CK,System.Collections.Generic.HashSet`1[EasyBilling.Models.Item_Tyre]
dc871804-0b8d-461e-898e-1521d1662f27,4 wheeler,GRAND i10,4/22/2019 10:31:00 AM,00155DDC8301,KAN8927,Akshay CK,System.Collections.Generic.HashSet`1[EasyBilling.Models.Item_Tyre]
ddf1167c-5449-4414-bba3-69a2759cb0a7,4 wheeler,KWID,4/22/2019 10:27:00 AM,00155DDC8301,KAN8927,Akshay CK,System.Collections.Generic.HashSet`1[EasyBilling.Models.Item_Tyre]
df9e32c7-c291-4e62-be88-93ad1d120dff,4 wheeler,ESTEEM,4/22/2019 10:25:00 AM,00155DDC8301,KAN8927,Akshay CK,System.Collections.Generic.HashSet`1[EasyBilling.Models.Item_Tyre]
e78d358a-872a-4b82-878b-95d3d198c2cf,4 wheeler,BEAT,4/22/2019 10:30:00 AM,00155DDC8301,KAN8927,Akshay CK,System.Collections.Generic.HashSet`1[EasyBilling.Models.Item_Tyre]
e8f6ce0c-9ffc-4e3d-859b-012651724da9,4 wheeler,MINI BUS,5/8/2019 6:19:00 AM,00155DDC8301,KAN8927,Akshay CK,System.Collections.Generic.HashSet`1[EasyBilling.Models.Item_Tyre]
eb39c644-27c2-44a3-9f37-7eefe6504f84,4 wheeler,EON,4/22/2019 10:18:00 AM,00155DDC8301,KAN8927,Akshay CK,System.Collections.Generic.HashSet`1[EasyBilling.Models.Item_Tyre]
ec95838a-42b7-4d47-9059-6eb88a79507b,4 wheeler,SWIFT DZIRE,4/22/2019 11:04:00 AM,00155DDC8301,,,System.Collections.Generic.HashSet`1[EasyBilling.Models.Item_Tyre]
eccea746-1bb7-4df4-b807-1208e3049723,4 wheeler,POLO,4/22/2019 10:30:00 AM,00155DDC8301,KAN8927,Akshay CK,System.Collections.Generic.HashSet`1[EasyBilling.Models.Item_Tyre]
ee695b1c-ec1f-448f-bd4d-211f38c09487,2 wheeler,BAJAJ DISCOVER,5/3/2019 7:15:00 AM,00155DDC8301,KAN8927,Akshay CK,System.Collections.Generic.HashSet`1[EasyBilling.Models.Item_Tyre]
ef482eb9-ad14-4ac5-a7d1-9e1111b3d701,2 wheeler,testnew,9/18/2019 6:13:00 PM,00155DDC8301,kannantyres@kannantyres.com,,System.Collections.Generic.HashSet`1[EasyBilling.Models.Item_Tyre]
f1868bbd-044d-4cbf-bbad-b42c7506407f,4 wheeler,RITZ,4/23/2019 9:53:00 AM,00155DDC8301,KAN8927,Akshay CK,System.Collections.Generic.HashSet`1[EasyBilling.Models.Item_Tyre]
f25993a8-d93a-4ea8-8984-726acf24befa,4 wheeler,CORSA,4/22/2019 10:25:00 AM,00155DDC8301,KAN8927,Akshay CK,System.Collections.Generic.HashSet`1[EasyBilling.Models.Item_Tyre]
f31171f2-d17d-4d57-9d86-4a9d6f814651,2 wheeler,FRONT SPLENDER PLUS,5/8/2019 6:18:00 AM,00155DDC8301,KAN8927,Akshay CK,System.Collections.Generic.HashSet`1[EasyBilling.Models.Item_Tyre]
f4f56345-75b9-42ea-9ba8-5d79ad94a29b,4 wheeler,IKON,4/22/2019 10:25:00 AM,00155DDC8301,KAN8927,Akshay CK,System.Collections.Generic.HashSet`1[EasyBilling.Models.Item_Tyre]
f655d3cc-3146-487f-9d77-2ea9a8e41c35,4 wheeler,SWIFT,4/22/2019 10:30:00 AM,00155DDC8301,KAN8927,Akshay CK,System.Collections.Generic.HashSet`1[EasyBilling.Models.Item_Tyre]
f6a12d6c-a290-4aa6-a513-fcb30779b0f5,4 wheeler,ALTO,4/22/2019 10:18:00 AM,00155DDC8301,KAN8927,Akshay CK,System.Collections.Generic.HashSet`1[EasyBilling.Models.Item_Tyre]
f7ca7f73-dc1e-41b8-9d57-0068978310d2,2 wheeler,ACTIVA,5/3/2019 11:18:00 AM,00155DDC8301,KAN8927,Akshay CK,System.Collections.Generic.HashSet`1[EasyBilling.Models.Item_Tyre]
fb38a629-4f50-4b57-9de0-bcf78385969c,2 wheeler,HERO HONDA,5/3/2019 11:17:00 AM,00155DDC8301,KAN8927,Akshay CK,System.Collections.Generic.HashSet`1[EasyBilling.Models.Item_Tyre]
fb5969d8-9cf3-4981-ae3d-c7d329c9001f,4 wheeler,ZEN,4/22/2019 10:18:00 AM,00155DDC8301,KAN8927,Akshay CK,System.Collections.Generic.HashSet`1[EasyBilling.Models.Item_Tyre]
fb9df2e1-8d13-4efe-9d78-5ddd5e94efa1,4 wheeler,TATA SUMO GOLD,4/23/2019 9:48:00 AM,00155DDC8301,KAN8927,Akshay CK,System.Collections.Generic.HashSet`1[EasyBilling.Models.Item_Tyre]
