{"data":[{"Token_number":"4d549e9d-3320-48e3-aaae-a97aa039539b","Employee_Id":"Emp002","Employee_name":"Sourav","Designation":"Software","Joining_date":"2019-02-08T00:00:00","Contact_number":"08334895299","Email_id":"souravganguly707@gmail.com","Salary":50000.0,"Leaving_date":"2019-02-08T00:00:00","login_required":false},{"Token_number":"6344e1ff-300d-4d45-817c-b9109c13d515","Employee_Id":"Emp001","Employee_name":"Sourav","Designation":"Software","Joining_date":"2019-02-08T00:00:00","Contact_number":"08334895299","Email_id":"souravganguly707@gmail.com","Salary":50000.00,"Leaving_date":"2019-02-15T00:00:00","login_required":true},{"Token_number":"750771cd-e607-4921-b019-9476e97cd91d","Employee_Id":"Emp002","Employee_name":"Sourav","Designation":"Software","Joining_date":"2019-01-18T00:00:00","Contact_number":"08334895299","Email_id":"souravganguly707@gmail.com","Salary":50000.00,"Leaving_date":"2019-01-31T00:00:00","login_required":true}]}